City_ID,City,Lat,Lng,Max Temp,Humidity,Cloudiness,Wind Speed,Country,Date
0,port-aux-francais,-49.35,70.2167,276.87,88,100,17.52,TF,1698719189
1,naze,28.3667,129.4833,297.66,66,91,5.34,JP,1698719189
2,whitehorse,60.7161,-135.0538,274.58,93,100,2.57,CA,1698719116
3,jwaneng,-24.6004,24.7303,283.91,76,100,8.62,BW,1698719189
4,arteaga,18.4667,-102.4167,292.05,98,66,1.32,MX,1698719190
5,kantagi,43.5264,68.5775,283.53,81,100,6.56,KZ,1698719190
6,lata,40.1629,-8.3327,284.3,93,100,1.68,PT,1698719190
7,muntok,-2.0667,105.1833,303.08,63,54,3.98,ID,1698719190
8,kokopo,-4.352,152.2633,298.45,86,100,1.24,PG,1698719190
9,tolanaro,-25.0319,46.9987,297.19,88,75,0.0,MG,1698719190
10,longyearbyen,78.2186,15.6401,274.06,75,75,5.66,SJ,1698719190
11,petropavlovsk-kamchatsky,53.0452,158.6483,279.48,62,0,6.0,RU,1698719191
12,san luis de la loma,17.2706,-100.8939,299.61,88,33,1.69,MX,1698719191
13,stanley,54.868,-1.6985,280.24,95,100,1.03,GB,1698719086
14,susuman,62.7833,148.1667,259.81,94,85,0.45,RU,1698719191
15,trincomalee,8.5711,81.2335,301.34,73,73,3.78,LK,1698719191
16,sao joao da barra,-21.6403,-41.0511,296.59,94,100,2.89,BR,1698719191
17,coron,11.9986,120.2043,302.9,67,100,4.77,PH,1698719191
18,mandan,46.8267,-100.8896,266.71,71,100,7.72,US,1698719191
19,blackmans bay,-43.0167,147.3167,287.33,48,79,4.02,AU,1698719192
20,hawaiian paradise park,19.5933,-154.9731,299.88,87,100,3.09,US,1698719192
21,badger,64.8,-147.5333,274.08,84,75,0.0,US,1698719192
22,isafjordur,66.0755,-23.124,274.7,73,45,1.83,IS,1698719086
23,papatowai,-46.5619,169.4708,288.61,63,100,2.78,NZ,1698719192
24,waitangi,-43.9535,-176.5597,288.05,80,100,6.71,NZ,1698719192
25,hamilton,39.1834,-84.5333,277.58,84,40,1.54,US,1698719014
26,ushuaia,-54.8,-68.3,276.96,65,75,10.29,AR,1698719168
27,tralee,52.2704,-9.7026,283.2,88,88,1.89,IE,1698719192
28,adamstown,-25.066,-130.1015,296.23,75,100,2.96,PN,1698719081
29,greenville,35.6127,-77.3663,294.33,81,0,3.6,US,1698718957
30,thompson,55.7435,-97.8558,266.24,79,100,2.57,CA,1698719083
31,portland,45.5234,-122.6762,285.39,47,0,5.66,US,1698719164
32,anadyr,64.75,177.4833,274.43,93,40,2.0,RU,1698719193
33,meulaboh,4.1363,96.1285,299.48,85,98,0.86,ID,1698719193
34,hermanus,-34.4187,19.2345,286.76,80,3,7.99,ZA,1698719193
35,padang,-0.9492,100.3543,300.18,83,100,0.91,ID,1698719193
36,timbuktu,16.7735,-3.0074,302.2,12,100,3.95,ML,1698719193
37,dudinka,69.4058,86.1778,256.83,97,99,0.89,RU,1698719193
38,sitka,57.0531,-135.33,282.09,81,100,2.57,US,1698719194
39,udachny,66.4167,112.4,252.49,99,100,2.55,RU,1698719194
40,viqueque,-8.8673,126.3658,304.74,55,24,3.24,TL,1698719194
41,bredasdorp,-34.5322,20.0403,286.64,78,0,5.41,ZA,1698719194
42,bethel,41.3712,-73.414,283.02,81,100,2.06,US,1698719194
43,cole harbour,44.6724,-63.4751,277.99,96,100,5.14,CA,1698719193
44,tazacorte,28.629,-17.9293,295.69,93,0,2.68,ES,1698719194
45,grytviken,-54.2811,-36.5092,276.11,81,83,2.95,GS,1698719194
46,alice springs,-23.7,133.8833,302.9,13,2,7.2,AU,1698718899
47,quellon,-43.1167,-73.6167,278.12,76,0,2.02,CL,1698719094
48,ola,59.5833,151.2833,269.9,64,18,2.34,RU,1698719195
49,la sarre,48.8002,-79.1996,269.18,74,8,2.4,CA,1698718946
50,birao,10.2849,22.7882,296.41,49,83,0.52,CF,1698719195
51,edinburgh of the seven seas,-37.0676,-12.3116,286.6,96,100,12.76,SH,1698719080
52,surgut,61.25,73.4167,260.32,84,40,4.02,RU,1698719195
53,villa gesell,-37.2639,-56.973,284.85,59,33,5.37,AR,1698719200
54,sur,22.5667,59.5289,298.31,66,13,3.69,OM,1698719200
55,yellowknife,62.456,-114.3525,271.16,100,75,2.06,CA,1698719200
56,albany,42.6001,-73.9662,279.29,82,100,2.24,US,1698719019
57,khilok,51.3674,110.4676,270.43,52,88,1.18,RU,1698719200
58,lebu,-37.6167,-73.65,280.88,81,97,3.84,CL,1698719200
59,merida,20.9667,-89.6167,299.16,78,20,2.57,MX,1698718922
60,doka,13.5167,35.7667,296.62,80,98,2.27,SD,1698719200
61,margaret river,-33.95,115.0667,291.28,43,78,2.19,AU,1698719200
62,kenora,49.8167,-94.4337,269.69,93,75,2.57,CA,1698719201
63,puerto natales,-51.7236,-72.4875,274.07,75,1,1.82,CL,1698719201
64,mindelo,16.8901,-24.9804,297.9,69,20,2.06,CV,1698719201
65,puerto ayora,-0.7393,-90.3518,296.79,91,100,1.79,EC,1698719201
66,hinton,53.4001,-117.5857,272.6,88,97,2.52,CA,1698719042
67,murudeshwara,14.0943,74.4845,298.63,85,100,1.62,IN,1698719201
68,college,64.8569,-147.8028,274.12,83,75,0.0,US,1698719201
69,salida,37.7058,-121.0849,291.12,52,0,0.0,US,1698719202
70,ilulissat,69.2167,-51.1,275.16,51,7,7.2,GL,1698719202
71,katsuura,35.1333,140.3,294.02,54,9,2.62,JP,1698719202
72,mournies,35.4764,24.0092,292.5,94,20,0.0,GR,1698719202
73,arraial do cabo,-22.9661,-42.0278,297.47,91,100,1.55,BR,1698719202
74,cabo san lucas,22.8909,-109.9124,300.24,80,40,3.6,MX,1698718996
75,nuuk,64.1835,-51.7216,283.49,29,75,8.23,GL,1698719202
76,san patricio,28.017,-97.5169,282.06,76,100,6.96,US,1698719202
77,yung shue wan,22.2333,114.1167,300.56,64,68,5.77,HK,1698719202
78,mbuji-mayi,-6.15,23.6,293.73,96,100,1.34,CD,1698719202
79,kavaratti,10.5669,72.642,299.96,79,100,4.28,IN,1698719203
80,rongelap,11.1635,166.8941,301.69,78,83,9.47,MH,1698719203
81,la passe,45.5549,-0.8967,288.7,84,81,11.35,FR,1698719203
82,jacmel,18.2342,-72.5347,300.06,83,94,1.88,HT,1698719203
83,waddan,29.1614,16.139,293.93,47,92,3.4,LY,1698719203
84,sitia,35.2,26.0986,294.25,83,13,3.13,GR,1698719203
85,melekeok village,7.4957,134.6367,302.36,72,21,2.84,PW,1698719203
86,dumangas,10.825,122.713,301.99,75,44,6.2,PH,1698719204
87,mossel bay,-34.1831,22.146,282.11,77,0,5.91,ZA,1698719204
88,kismayo,-0.3582,42.5454,299.59,81,19,3.25,SO,1698719204
89,tabriz,38.08,46.2919,284.85,54,0,3.09,IR,1698719204
90,ribeira grande,38.5167,-28.7,293.02,85,50,8.49,PT,1698719097
91,ocean shores,46.9737,-124.1563,284.15,75,0,3.6,US,1698719204
92,tokar,18.4254,37.729,302.1,68,17,4.67,SD,1698719204
93,penzance,50.1186,-5.5371,286.53,87,28,8.89,GB,1698719204
94,andalgala,-27.5819,-66.3165,288.11,66,25,0.82,AR,1698719205
95,malangali,-8.5667,34.85,291.12,58,100,3.72,TZ,1698719205
96,pandaria,22.2333,81.4167,293.78,62,92,1.05,IN,1698719205
97,nadym,65.5333,72.5167,259.64,92,83,3.4,RU,1698719205
98,funafuti,-8.5243,179.1942,305.15,84,40,0.0,TV,1698719205
99,barranca,-10.75,-77.7667,292.0,89,72,2.61,PE,1698719205
100,biryusinsk,55.9634,97.8235,265.77,67,73,3.12,RU,1698719206
101,ryotsu-minato,38.0833,138.4333,290.38,70,38,1.19,JP,1698719206
102,uturoa,-16.7333,-151.4333,299.65,79,8,8.0,PF,1698719206
103,acapulco de juarez,16.8634,-99.8901,300.02,85,20,1.55,MX,1698719206
104,saint-pierre,-21.3393,55.4781,296.97,57,0,4.12,RE,1698719206
105,vilyuysk,63.7553,121.6247,259.26,94,58,0.89,RU,1698719206
106,umm kaddadah,13.6017,26.6876,302.37,24,100,9.19,SD,1698719206
107,nguekhokh,14.5128,-17.005,298.64,100,0,2.57,SN,1698719206
108,iqaluit,63.7506,-68.5145,261.0,78,75,7.72,CA,1698719207
109,atafu village,-8.5421,-172.5159,302.22,73,32,6.52,TK,1698719207
110,khovd,48.0056,91.6419,279.03,52,68,4.39,MN,1698719207
111,sao raimundo nonato,-9.0153,-42.6994,298.54,33,12,1.36,BR,1698719207
112,shahrud,36.4182,54.9763,284.93,78,99,3.82,IR,1698719043
113,ugoofaaru,5.6667,73.0,300.73,73,100,1.8,MV,1698719207
114,moab,38.5733,-109.5498,275.18,22,0,1.24,US,1698718985
115,st. john's,47.5649,-52.7093,274.7,94,100,3.09,CA,1698719208
116,eirunepe,-6.6603,-69.8736,298.03,82,100,0.61,BR,1698719208
117,ishigaki,24.3448,124.1572,300.22,65,75,8.23,JP,1698719208
118,frontera,26.9333,-101.45,280.45,58,100,3.24,MX,1698719208
119,palmer,42.1584,-72.3287,282.17,81,75,4.12,US,1698719208
120,pacasmayo,-7.4006,-79.5714,292.48,85,100,6.04,PE,1698719208
121,invercargill,-46.4,168.35,289.83,72,100,2.24,NZ,1698719208
122,gadzhiyevo,69.2551,33.3362,267.38,95,100,6.07,RU,1698719208
123,bubaque,11.2833,-15.8333,301.42,73,61,4.37,GW,1698719209
124,lihue,21.9789,-159.3672,300.92,72,40,3.6,US,1698719209
125,fale old settlement,-9.3852,-171.2468,301.77,77,100,7.11,TK,1698719209
126,island harbour,50.724,-1.2758,284.81,94,100,0.89,GB,1698719209
127,ain sefra,32.75,-0.5833,289.51,57,90,1.62,DZ,1698719209
128,puerto ayacucho,5.6639,-67.6236,298.96,83,100,2.26,VE,1698719209
129,sinabang,2.4803,96.3801,299.68,81,99,1.64,ID,1698719209
130,nova sintra,14.8667,-24.7167,296.81,67,72,1.52,CV,1698719209
131,maloye ganyushkino,46.6,49.2667,282.32,69,14,2.64,KZ,1698719210
132,viedma,-40.8135,-62.9967,279.06,74,1,3.47,AR,1698719210
133,hecun,36.5333,114.1111,297.79,26,18,2.23,CN,1698719210
134,ak-dovurak,51.1833,90.6,272.1,46,100,0.89,RU,1698719210
135,tazovsky,67.4667,78.7,255.99,97,34,2.27,RU,1698719108
136,sibiti,-3.6819,13.3499,294.68,99,100,1.49,CG,1698719210
137,barabai,-2.5833,115.3833,308.32,44,3,0.71,ID,1698719210
138,zhosaly,45.4878,64.0781,279.79,68,6,5.98,KZ,1698719210
139,port mathurin,-19.6833,63.4167,297.54,82,30,8.49,MU,1698719211
140,gumdag,39.2061,54.5906,288.39,52,100,6.51,TM,1698719211
141,ust-nera,64.5667,143.2,260.77,99,100,2.19,RU,1698719211
142,hammerfest,70.6634,23.6821,275.4,80,40,5.14,NO,1698719211
143,whitecourt,54.1502,-115.6855,274.73,60,75,2.57,CA,1698719211
144,hastings,50.8552,0.5729,286.22,52,24,2.97,GB,1698719149
145,roma,43.2128,-75.4557,278.68,92,100,3.6,US,1698719211
146,bowen,-20.0167,148.2333,298.17,54,9,5.02,AU,1698719211
147,adam,22.3756,57.5233,296.41,70,17,1.7,OM,1698719212
148,dolores,-36.3132,-57.6792,281.17,69,25,4.88,AR,1698719212
149,hasaki,35.7333,140.8333,293.37,52,15,2.37,JP,1698719212
150,thunder bay,48.4001,-89.3168,270.14,63,100,2.57,CA,1698719212
151,mejit,10.2753,170.8646,301.32,78,99,8.63,MH,1698719212
152,kailua-kona,19.6406,-155.9956,302.58,78,20,6.17,US,1698719212
153,port elizabeth,-33.918,25.5701,288.31,83,0,5.14,ZA,1698719212
154,nizhnesortymskiy,62.4397,71.7603,261.71,95,90,2.4,RU,1698719212
155,georgetown,5.4112,100.3354,304.11,82,20,1.54,MY,1698718946
156,utrik,11.2278,169.8474,301.37,79,100,7.94,MH,1698719080
157,tura,25.5198,90.2201,296.29,78,68,0.8,IN,1698719213
158,mapleton,40.1302,-111.5785,276.69,51,0,5.66,US,1698719213
159,bilibino,68.0546,166.4372,258.04,78,70,1.05,RU,1698719213
160,vorgashor,67.5833,63.95,262.76,95,100,4.02,RU,1698719213
161,caleta de carquin,-11.0925,-77.6267,292.77,87,99,3.9,PE,1698719213
162,ribe,55.3305,8.7697,282.55,96,100,2.41,DK,1698719213
163,isangel,-19.55,169.2667,300.21,57,40,3.09,VU,1698718968
164,nouadhibou,20.931,-17.0347,294.14,94,0,5.66,MR,1698719213
165,paola,39.3599,16.0396,295.77,52,89,0.82,IT,1698719213
166,huittinen,61.1833,22.7,272.28,97,100,4.2,FI,1698719214
167,punta arenas,-53.15,-70.9167,276.21,60,0,4.63,CL,1698718933
168,nikolayevsk-on-amure,53.1406,140.73,276.59,42,8,4.04,RU,1698719214
169,rainbow city,33.9548,-86.0419,284.03,86,100,3.6,US,1698719214
170,borkum,53.5809,6.6915,284.12,93,100,4.08,DE,1698719214
171,nuku'alofa,-21.1333,-175.2,301.34,78,75,6.17,TO,1698719214
172,karratha,-20.7377,116.8463,306.31,23,45,3.63,AU,1698719214
173,ilebo,-4.3167,20.5833,294.37,99,100,0.97,CD,1698719214
174,aasiaat,68.7098,-52.8699,263.03,89,29,4.11,GL,1698719214
175,jamestown,42.097,-79.2353,277.92,81,100,3.6,US,1698719105
176,wailua homesteads,22.0669,-159.378,300.59,73,40,3.6,US,1698719087
177,campina verde,-19.5356,-49.4864,297.24,76,100,2.11,BR,1698719215
178,sao jose da coroa grande,-8.8978,-35.1478,297.57,73,78,3.15,BR,1698719139
179,an nuhud,12.7,28.4333,300.7,50,100,3.2,SD,1698719215
180,nemuro,43.3236,145.575,284.87,71,13,5.32,JP,1698719215
181,pampas,-12.4,-74.9,284.85,81,100,1.35,PE,1698719215
182,kone,-21.0595,164.8658,299.7,48,30,3.96,NC,1698719215
183,san jose,37.3394,-121.895,292.45,38,20,10.28,US,1698719034
184,byron bay,-28.65,153.6167,306.88,47,2,6.9,AU,1698719215
185,hadibu,12.65,54.0333,299.29,76,97,4.62,YE,1698719091
186,pangani,-5.4333,38.9667,297.62,86,100,1.8,TZ,1698719216
187,pompeu,-19.2244,-44.9353,296.84,63,100,1.11,BR,1698719216
188,tiksi,71.6872,128.8694,252.43,100,81,1.18,RU,1698719216
189,urengoy,65.9667,78.3667,258.78,97,21,1.79,RU,1698719216
190,nikolayevsk,50.0282,45.4595,281.56,79,100,5.95,RU,1698719216
191,betio village,1.358,172.9211,304.17,72,94,1.01,KI,1698719216
192,saipan,15.1355,145.701,305.54,70,40,7.2,MP,1698719216
193,east london,-33.0153,27.9116,286.33,86,25,4.07,ZA,1698719216
194,qaqortoq,60.7167,-46.0333,279.03,57,99,12.77,GL,1698719217
195,volya,51.7651,39.5404,284.34,78,74,4.71,RU,1698719217
196,kristiansund,63.1115,7.732,270.51,80,0,1.54,NO,1698719217
197,la ronge,55.1001,-105.2842,262.29,79,0,1.54,CA,1698719217
198,chefchaouene,35.1688,-5.2636,283.91,84,100,0.47,MA,1698719217
199,sao jose do egito,-7.4789,-37.2744,295.1,73,100,4.53,BR,1698719217
200,greymouth,-42.4667,171.2,288.68,61,52,4.18,NZ,1698719217
201,boguchany,58.3814,97.4531,261.96,87,6,1.79,RU,1698719217
202,aykhal,66.0,111.5,251.78,99,99,3.11,RU,1698719218
203,cide,41.8921,33.0044,292.91,72,98,1.51,TR,1698719218
204,chos malal,-37.3781,-70.2709,281.82,58,100,1.66,AR,1698719218
205,tado,5.266,-76.5649,296.69,97,100,1.12,CO,1698719218
206,kuybyshev,55.4475,78.3218,267.23,86,97,5.17,RU,1698719218
207,gwadar,25.1216,62.3254,298.55,76,3,0.42,PK,1698719218
208,prineville,44.2999,-120.8345,278.72,53,0,0.0,US,1698719218
209,springs,-26.25,28.4,279.63,98,100,4.7,ZA,1698719136
210,qulsary,46.9531,54.0198,278.46,79,7,1.84,KZ,1698719219
211,campana,-34.1687,-58.9591,290.05,10,41,3.06,AR,1698719219
212,kasongo-lunda,-6.4667,16.8167,294.57,99,100,1.02,CD,1698719219
213,pailon,-17.65,-62.75,302.65,48,100,1.97,BO,1698719219
214,youhao,47.8667,128.8333,276.56,64,100,2.59,CN,1698719219
215,filey,54.21,-0.2892,281.42,91,100,0.45,GB,1698719219
216,salinopolis,-0.6136,-47.3561,299.85,80,74,4.16,BR,1698719196
217,kavieng,-2.5744,150.7967,300.59,77,81,3.67,PG,1698719219
218,sampit,-2.5333,112.95,304.62,60,55,1.32,ID,1698719219
219,iskateley,67.6803,53.1512,266.49,95,90,4.47,RU,1698719220
220,bathsheba,13.2167,-59.5167,301.49,83,20,5.14,BB,1698719220
221,klyuchi,52.2667,79.1667,278.78,96,100,2.21,RU,1698719220
222,puerto deseado,-47.7503,-65.8938,277.41,59,21,6.15,AR,1698719220
223,nikol'sk,53.7189,46.0712,281.69,88,100,7.26,RU,1698719220
224,castillos,-34.1667,-53.8333,286.13,90,100,6.94,UY,1698719220
225,olonkinbyen,70.9221,-8.7187,274.95,75,100,5.14,SJ,1698719220
226,maun,-19.9833,23.4167,291.13,100,0,6.17,BW,1698719221
227,uthal,25.8072,66.6219,299.42,44,0,2.49,PK,1698719221
228,olyokminsk,60.3736,120.4264,265.43,56,100,1.44,RU,1698719125
229,una,20.8167,71.0333,298.37,42,13,3.33,IN,1698719221
230,as sulayyil,20.4607,45.5779,298.29,30,96,3.6,SA,1698719221
231,kharkhorin,47.1975,102.8238,277.77,45,100,1.51,MN,1698719221
232,leava,-14.3,-178.1667,301.21,79,16,4.48,WF,1698719131
233,codrington,-38.2667,141.9667,286.78,51,75,7.34,AU,1698719221
234,avarua,-21.2078,-159.775,297.18,73,75,6.17,CK,1698719222
235,aripuana,-9.1667,-60.6333,297.11,82,100,0.81,BR,1698719222
236,nova olimpia,-14.7972,-57.2881,297.02,90,90,1.9,BR,1698719222
237,talnakh,69.4865,88.3972,256.6,96,100,2.2,RU,1698719222
238,chingola,-12.529,27.8838,291.22,86,100,2.82,ZM,1698719222
239,constantia,44.1833,28.65,284.65,80,2,3.24,RO,1698719060
240,manicore,-5.8092,-61.3003,297.62,86,100,1.21,BR,1698719222
241,west island,-12.1568,96.8225,300.14,83,40,7.2,CC,1698719223
242,olinda,-8.0089,-34.8553,299.0,73,40,4.63,BR,1698719223
243,xining,36.6167,101.7667,281.69,29,0,0.84,CN,1698719223
244,jinjiang,24.8198,118.5741,297.19,58,7,5.76,CN,1698719223
245,crane,31.3974,-102.3501,278.2,47,2,2.07,US,1698719182
246,torquay,50.4638,-3.5143,285.33,92,42,5.45,GB,1698719223
247,laojunmiao,39.8333,97.7333,284.61,21,76,1.07,CN,1698719223
248,brezina,33.0989,1.2608,291.61,45,40,2.61,DZ,1698719223
249,haiku-pauwela,20.9219,-156.3051,300.16,72,20,7.72,US,1698719224
250,novodvinsk,64.4165,40.8122,264.7,97,69,1.94,RU,1698719224
251,saint-philippe,-21.3585,55.7679,296.92,81,16,3.95,RE,1698719224
252,queenstown,-31.8976,26.8753,279.6,82,50,1.12,ZA,1698719224
253,mount isa,-20.7333,139.5,310.02,26,8,5.66,AU,1698719224
254,bulnes,-36.7423,-72.2985,281.57,80,83,2.13,CL,1698719224
255,stephenville,32.2207,-98.2023,279.22,67,0,3.09,US,1698719224
256,manor,19.75,72.9167,297.14,56,8,1.65,IN,1698719225
257,bodo,67.28,14.405,269.69,85,0,6.17,NO,1698719190
258,karaton,-6.3424,106.1045,304.61,55,13,1.16,ID,1698719225
259,lompoc,34.6391,-120.4579,290.89,84,0,4.47,US,1698719165
260,vila franca do campo,37.7167,-25.4333,292.38,99,72,4.21,PT,1698719225
261,new norfolk,-42.7826,147.0587,287.99,41,93,5.62,AU,1698719225
262,ochakiv,46.6128,31.5498,288.9,92,90,5.14,UA,1698719225
263,ammon,43.4696,-111.9666,271.45,66,0,0.0,US,1698719226
264,inari,68.906,27.0288,265.26,95,99,1.67,FI,1698719226
265,cruz del eje,-30.7264,-64.8039,287.96,43,57,7.38,AR,1698719226
266,magway,20.15,94.9167,299.5,67,95,2.12,MM,1698719226
267,slave lake,55.2834,-114.769,273.14,69,100,3.09,CA,1698719226
268,channapatna,12.65,77.2167,294.61,88,100,2.62,IN,1698719226
269,kourou,5.1552,-52.6478,300.18,87,41,3.09,GF,1698719226
270,naja' hammadi,26.0495,32.2414,296.55,48,0,0.59,EG,1698719227
271,belyy yar,53.6039,91.3903,270.09,100,75,0.0,RU,1698719227
272,catio,11.2833,-15.25,298.25,86,99,1.56,GW,1698719227
273,vanino,49.0869,140.2543,280.33,41,99,3.09,RU,1698719227
274,parakou,9.3372,2.6303,298.19,84,100,1.65,BJ,1698719227
275,hithadhoo,-0.6,73.0833,300.0,80,100,4.66,MV,1698719227
276,ayr,55.4627,-4.6339,279.25,81,0,3.6,GB,1698719228
277,codajas,-3.8367,-62.0569,300.75,67,100,1.66,BR,1698719228
278,yuzhno-kurilsk,44.0306,145.8556,284.47,81,23,4.97,RU,1698719228
279,kruisfontein,-34.0033,24.7314,283.45,91,0,2.49,ZA,1698719228
280,dubbo,-32.25,148.6167,297.22,17,100,8.75,AU,1698719228
281,krasnogvardeyskoye,45.8456,41.5186,285.07,76,20,2.65,RU,1698719228
282,mount pearl,47.5166,-52.7813,274.24,94,100,3.09,CA,1698719228
283,pisco,-13.7,-76.2167,292.18,82,17,7.2,PE,1698719228
284,gamba,-2.65,10.0,298.32,91,100,2.57,GA,1698719229
285,shimanovsk,52.0,127.7,270.32,28,100,1.73,RU,1698719229
286,highland,34.1283,-117.2086,294.76,14,0,1.54,US,1698719229
287,jaipur,26.9167,75.8167,297.77,53,6,2.57,IN,1698719114
288,martapura,-3.4167,114.85,305.2,62,0,2.06,ID,1698719229
289,puerto baquerizo moreno,-0.9,-89.6,296.42,81,100,4.34,EC,1698719229
290,fisterra,42.9049,-9.2629,285.94,77,25,7.43,ES,1698719229
291,vila velha,-20.3297,-40.2925,299.12,78,0,5.66,BR,1698718944
292,tsafe,11.9553,6.9223,297.15,25,95,3.32,NG,1698719229
293,minot air force base,48.4209,-101.3391,264.25,77,0,9.26,US,1698719230
294,zambrow,52.9855,22.2432,283.95,91,100,4.46,PL,1698719230
295,ancud,-41.8697,-73.8203,278.36,89,11,2.98,CL,1698719230
296,kingston,17.997,-76.7936,302.68,84,75,2.06,JM,1698719171
297,aur,8.1499,171.1687,301.55,79,89,7.69,MH,1698719230
298,nar'yan-mar,67.6713,53.087,266.54,95,89,4.47,RU,1698719115
299,rotonda west,26.8837,-82.2901,298.16,99,75,0.45,US,1698718990
300,mahenge,-8.6833,36.7167,290.65,85,97,0.13,TZ,1698719230
301,pacific grove,36.6177,-121.9166,292.29,45,0,2.06,US,1698719230
302,mermoz boabab,14.7065,-17.4758,298.46,80,4,3.61,SN,1698719231
303,pathein,16.7833,94.7333,299.15,84,98,4.85,MM,1698718967
304,berdigestyakh,62.0989,126.6992,258.45,91,62,1.37,RU,1698719231
305,yorkton,51.2167,-102.4677,266.06,68,100,5.14,CA,1698719231
306,nay pyi taw,19.745,96.1297,297.81,87,91,0.83,MM,1698719231
307,toliara,-23.35,43.6667,294.5,85,64,4.32,MG,1698719231
308,vyazemskiy,47.5378,134.7525,280.23,52,100,0.61,RU,1698719232
309,carnarvon,-24.8667,113.6333,298.94,45,0,3.58,AU,1698719232
310,tebingtinggi,3.3285,99.1625,300.3,84,75,1.02,ID,1698719232
311,ciudad lazaro cardenas,17.9583,-102.2,299.81,86,13,1.76,MX,1698719232
312,mirny,62.5353,113.9611,252.72,83,19,1.79,RU,1698719232
313,tsiombe,-25.3,45.4833,293.71,88,48,3.34,MG,1698719232
314,buka,40.8108,69.1986,287.84,68,100,5.49,UZ,1698719233
315,port alfred,-33.5906,26.891,287.45,79,25,6.68,ZA,1698719233
316,grootfontein,-19.5667,18.1167,289.91,39,0,1.03,NA,1698719233
317,extrema,-22.8547,-46.3183,294.29,88,100,1.0,BR,1698719233
318,margate,51.3813,1.3862,281.31,97,10,0.89,GB,1698719233
319,amga,60.8953,131.9608,263.51,85,100,2.46,RU,1698719233
320,miquelon,47.0975,-56.3814,277.15,95,100,0.75,PM,1698719233
321,vadso,70.0744,29.7487,272.24,86,75,5.66,NO,1698719234
322,casper,42.8666,-106.3131,269.71,69,0,1.54,US,1698718985
323,priozersk,61.0393,30.1291,274.32,91,100,2.3,RU,1698719234
324,idri,27.5,13.2667,294.19,28,3,3.84,LY,1698719234
325,okhotsk,59.3833,143.3,272.13,94,100,4.02,RU,1698719078
326,saudarkrokur,65.7461,-19.6394,271.31,82,68,4.25,IS,1698719234
327,midvagur,62.0511,-7.1939,275.61,80,40,3.09,FO,1698719234
328,kotzting,49.1769,12.8556,285.12,97,100,2.24,DE,1698719234
329,alamosa,37.4695,-105.87,271.14,46,0,1.54,US,1698719227
330,usogorsk,63.4106,48.6872,269.63,83,100,1.12,RU,1698719235
331,benjamin hill,30.1667,-111.1,292.92,28,0,5.06,MX,1698719235
332,mpraeso,6.5932,-0.7346,294.37,98,24,1.12,GH,1698719235
333,pierre,44.3683,-100.351,271.4,65,100,12.35,US,1698719235
334,iturama,-19.7281,-50.1956,298.08,77,100,5.02,BR,1698719235
335,wenchang,30.904,118.4887,297.46,42,0,1.32,CN,1698719235
336,georgievka,49.3314,81.5761,281.86,95,100,1.18,KZ,1698719235
337,sawtry,52.4398,-0.2842,281.58,94,5,0.72,GB,1698719236
338,peniche,39.3558,-9.3811,287.1,91,100,2.59,PT,1698719236
339,aswan,24.0934,32.907,297.76,53,0,1.54,EG,1698719045
340,menongue,-14.6585,17.691,290.21,88,41,2.57,AO,1698719236
341,fortuna,40.5982,-124.1573,285.66,71,0,0.0,US,1698719236
342,nova xavantina,-14.6667,-52.35,304.45,36,93,1.63,BR,1698719236
343,paradip garh,20.3167,86.6167,296.79,76,0,3.56,IN,1698719237
344,zouerate,22.7187,-12.4521,300.47,16,0,2.21,MR,1698719237
345,noshiro,40.2039,140.0242,283.61,63,67,1.75,JP,1698719237
346,kharan,28.5833,65.4167,294.65,34,0,0.63,PK,1698719237
347,bel ombre,-4.6167,55.4167,300.06,78,40,2.06,SC,1698719237
348,afaahiti,-17.75,-149.2833,300.08,82,41,8.21,PF,1698719237
349,detroit lakes,46.8172,-95.8453,270.29,98,100,4.63,US,1698719097
350,okha,53.5739,142.9478,276.63,71,41,8.91,RU,1698719237
351,hofheim in unterfranken,50.1333,10.5333,285.42,98,100,7.17,DE,1698719238
352,mili,6.0815,171.735,301.73,76,79,5.18,MH,1698719238
353,wewak,-3.5534,143.6268,298.26,92,100,0.54,PG,1698719238
354,rizokarpaso,35.6,34.375,297.18,68,100,2.66,CY,1698719238
355,mukalla,14.5425,49.1242,298.07,78,94,2.65,YE,1698719238
356,kerikeri,-35.2268,173.9474,291.71,89,97,3.95,NZ,1698719238
357,bomdila,27.25,92.4,287.28,63,12,1.29,IN,1698719238
358,san julian,21.0167,-102.1667,290.7,34,20,2.44,MX,1698719239
359,melo,-32.3667,-54.1833,287.35,98,100,7.66,UY,1698719239
360,pervomayskoye,43.919,46.7102,287.23,85,0,6.24,RU,1698719239
361,ingeniero guillermo n. juarez,-23.9,-61.85,299.13,65,100,5.91,AR,1698719239
362,tumpat,6.1978,102.171,302.14,83,20,1.54,MY,1698719239
363,kayangel,8.0823,134.7173,301.93,74,13,3.16,PW,1698719239
364,val-d'or,48.1002,-77.7828,270.2,80,75,6.69,CA,1698719239
365,twon-brass,4.3151,6.2418,300.13,80,100,2.05,NG,1698719239
366,ulladulla,-35.35,150.4667,296.35,39,0,7.2,AU,1698719240
367,bengkulu,-3.8004,102.2655,300.17,76,46,1.22,ID,1698719240
368,lewistown,40.5992,-77.5714,281.82,85,40,4.12,US,1698718940
369,visby,57.6409,18.296,282.49,100,20,4.12,SE,1698719240
370,enewetak,11.3474,162.3373,300.88,83,100,7.13,MH,1698719096
371,minas de marcona,-15.2119,-75.1103,287.78,86,68,5.81,PE,1698719240
372,remire-montjoly,4.9167,-52.2667,300.17,89,100,0.0,GF,1698719240
373,santiago,-33.4569,-70.6483,288.07,76,0,4.12,CL,1698719215
374,mantua,45.1667,10.7833,288.68,91,10,1.34,IT,1698719241
375,port lincoln,-34.7333,135.8667,288.93,46,33,4.9,AU,1698719241
376,road town,18.4167,-64.6167,301.2,77,100,7.69,VG,1698719241
377,grand falls-windsor,48.9332,-55.6649,273.99,87,97,1.74,CA,1698719241
378,kabalo,-6.05,26.9167,294.8,81,100,1.3,CD,1698719241
379,hobyo,5.3505,48.5268,299.78,82,51,2.75,SO,1698719241
380,benavente,42.0025,-5.6783,280.18,92,0,0.45,ES,1698719242
381,hennenman,-27.9765,27.0242,280.18,78,100,4.5,ZA,1698719242
382,cidreira,-30.1811,-50.2056,292.72,94,100,2.6,BR,1698719242
383,biskra,34.8504,5.7281,297.34,38,73,4.56,DZ,1698719242
384,tamanrasset,22.785,5.5228,289.1,25,0,1.54,DZ,1698719232
385,hampton bays,40.869,-72.5176,284.74,80,100,3.09,US,1698719242
386,princeville,45.7668,-61.2985,276.84,96,100,3.09,CA,1698719242
387,guiuan,11.0333,125.7247,301.57,71,100,2.42,PH,1698719242
388,brokopondo,4.75,-55.1667,299.75,79,5,3.84,SR,1698719243
389,akureyri,65.6835,-18.0878,265.11,93,44,0.0,IS,1698719243
390,selfoss,63.9331,-20.9971,273.73,79,36,3.77,IS,1698719243
391,matoury,4.8483,-52.3317,300.13,89,100,0.0,GF,1698719243
392,salym,60.0625,71.4789,262.56,88,29,2.59,RU,1698719243
393,manokwari,-0.8667,134.0833,301.18,73,98,2.72,ID,1698719243
394,mata-utu,-13.2816,-176.1745,301.59,75,14,6.48,WF,1698719243
395,yaren,-0.5472,166.916,301.85,69,76,2.51,NR,1698719243
396,vernon,50.2581,-119.2691,275.24,70,10,1.03,CA,1698719244
397,weno,7.4515,151.8468,303.12,79,100,2.06,FM,1698719244
398,kangding,30.0513,101.9603,285.6,72,27,0.82,CN,1698719244
399,kinkala,-4.3614,14.7644,296.03,95,100,1.44,CG,1698719244
400,nyurba,63.2842,118.3319,258.3,96,99,0.9,RU,1698719244
401,chawang,8.4261,99.5047,300.87,79,96,0.45,TH,1698719244
402,nacala,-14.5428,40.6728,298.36,83,100,3.15,MZ,1698719244
403,lawas,13.764,121.0566,303.7,74,100,2.35,PH,1698719244
404,holdrege,40.4403,-99.3698,276.1,55,0,4.63,US,1698719245
405,manavalakurichi,8.1333,77.3,298.29,88,100,3.88,IN,1698719245
406,taltal,-25.4,-70.4833,291.26,71,9,1.21,CL,1698719245
407,balabac,7.9868,117.0645,302.93,71,96,6.4,PH,1698719245
408,piti village,13.4626,144.6933,304.64,79,75,4.63,GU,1698719245
409,cadale,2.7603,46.3222,300.4,76,50,1.6,SO,1698719245
410,papao,-17.75,-149.55,300.97,83,13,9.38,PF,1698719245
411,coracora,-15.0333,-73.7833,283.8,43,3,0.76,PE,1698719245
412,choibalsan,48.0667,114.5,267.4,88,76,2.92,MN,1698719246
413,wamba,8.9333,8.6,297.45,73,100,1.54,NG,1698719246
414,lashio,22.9333,97.75,293.04,94,82,0.59,MM,1698719246
415,saint-joseph,-21.3667,55.6167,296.36,77,9,3.59,RE,1698719246
416,boca do acre,-8.7522,-67.3978,299.61,65,40,0.53,BR,1698719246
417,kissidougou,9.1848,-10.0999,295.03,85,74,0.85,GN,1698719246
418,opuwo,-18.0607,13.84,292.71,13,0,2.39,NA,1698719246
419,rio grande,-32.035,-52.0986,292.01,95,100,2.67,BR,1698719246
420,delvada,20.7667,71.0333,298.57,42,6,3.34,IN,1698719247
421,zyrya,40.3661,50.2917,287.2,71,74,5.25,AZ,1698719247
422,glendale,33.5387,-112.186,296.38,21,0,2.06,US,1698719180
423,kodiak,57.79,-152.4072,280.88,93,100,3.6,US,1698719247
424,kuraymah,18.55,31.85,299.92,23,41,4.6,SD,1698719247
425,nishinoomote,30.7333,131.0,295.46,68,75,1.54,JP,1698719247
426,otaru,43.1894,141.0022,287.91,63,89,0.34,JP,1698719248
427,acarau,-2.8856,-40.12,299.1,74,75,6.16,BR,1698719094
428,midland,31.9974,-102.0779,278.18,65,0,2.06,US,1698718955
429,homer,59.6425,-151.5483,281.93,76,0,0.89,US,1698719248
430,mil'kovo,55.6078,37.7956,280.42,98,96,3.4,RU,1698719248
431,shimoda,34.6667,138.95,292.35,80,75,1.04,JP,1698719248
432,ha'il,27.5219,41.6907,287.16,94,0,1.03,SA,1698719248
433,taoudenni,22.6783,-3.9836,302.9,11,5,3.8,ML,1698719085
434,betong,5.7743,101.0723,300.16,80,94,0.82,TH,1698719248
435,juneau,58.3019,-134.4197,278.15,97,100,0.0,US,1698719249
436,inarajan village,13.2736,144.7484,304.69,88,100,5.29,GU,1698719249
437,balqash,46.8481,74.995,280.48,93,75,6.0,KZ,1698719249
438,lospalos,-8.5186,127.0025,303.06,54,70,4.9,TL,1698719249
439,tyuratam,45.6507,63.3156,280.72,59,45,8.04,KZ,1698719249
440,uacu cungo,-11.3634,15.1208,291.57,94,100,0.91,AO,1698719249
441,walin,27.9833,83.7667,291.36,65,100,1.53,NP,1698719249
442,bay roberts,47.5999,-53.2648,274.9,94,100,0.45,CA,1698719249
443,kario ghanwar,24.8082,68.6045,299.37,39,0,2.76,PK,1698719250
444,fort irwin,35.2627,-116.6848,286.89,12,0,2.06,US,1698719250
445,taro,-8.3862,115.28,299.18,49,5,1.9,ID,1698719250
446,houma,29.5958,-90.7195,288.71,76,75,5.66,US,1698719250
447,agapovka,53.2973,59.1348,273.11,85,90,3.98,RU,1698719250
448,richards bay,-28.783,32.0377,287.96,87,97,1.81,ZA,1698719250
449,santa teresa di riva,37.947,15.3677,296.18,85,86,5.68,IT,1698719250
450,mariehamn,60.0973,19.9348,279.07,93,100,3.6,AX,1698719251
451,tierp,60.3427,17.5181,277.05,98,100,6.26,SE,1698719251
452,placer,39.0666,-120.7677,284.95,59,0,2.66,US,1698719251
453,kununurra,-15.7667,128.7333,309.04,33,100,2.45,AU,1698719251
454,happy valley-goose bay,53.3168,-60.3315,270.32,59,20,5.14,CA,1698719251
455,malango,-2.9627,119.9001,302.59,46,30,2.11,ID,1698719251
456,sotuta,20.6,-89.0167,297.6,80,55,2.17,MX,1698719252
457,tsetserleg,47.475,101.4542,277.02,52,100,2.33,MN,1698719252
458,alofi,-19.0595,-169.9187,300.09,65,75,6.69,NU,1698719252
459,jiayuguan,39.8167,98.3,286.31,19,89,0.87,CN,1698719252
460,bontang,0.1333,117.5,302.87,66,73,3.16,ID,1698719252
461,terbanggi besar,-4.8667,105.2333,304.54,51,7,2.73,ID,1698719252
462,guerrero negro,27.9769,-114.0611,295.02,45,0,4.77,MX,1698719252
463,kandyagash,49.4744,57.4233,274.7,81,92,5.2,KZ,1698719252
464,khandyga,62.6667,135.6,263.91,93,100,2.19,RU,1698719253
465,pogradec,40.9025,20.6525,286.15,61,0,1.49,AL,1698719253
466,gangneung,37.7556,128.8961,296.46,44,0,1.01,KR,1698719253
467,nchelenge,-9.3451,28.734,297.24,70,100,2.68,ZM,1698719253
468,swakopmund,-22.6833,14.5333,286.62,89,0,1.89,NA,1698719253
469,nieuw nickerie,5.95,-56.9833,300.71,85,10,6.63,SR,1698719253
470,christchurch,-43.5333,172.6333,294.56,87,100,9.77,NZ,1698719253
471,kshenskiy,51.8408,37.7136,283.09,82,100,4.65,RU,1698719254
472,trikala,39.5553,21.7675,289.45,62,0,0.81,GR,1698719254
473,les anglais,18.3054,-74.2197,300.44,85,100,3.33,HT,1698719254
474,lamu,-2.2717,40.902,297.27,87,11,3.77,KE,1698719254
475,glazov,58.1394,52.6584,269.64,97,99,1.96,RU,1698719254
476,ad dilam,23.9915,47.1627,296.38,51,6,1.11,SA,1698719254
477,yantarnyy,54.8717,19.9381,282.07,85,100,6.16,RU,1698719254
478,vilyuchinsk,52.9306,158.4028,280.3,59,12,4.28,RU,1698719255
479,new baltimore,42.6811,-82.7369,276.62,62,0,3.09,US,1698719255
480,raja,8.4596,25.678,296.02,75,87,0.37,SS,1698719255
481,flying fish cove,-10.4217,105.6791,300.97,78,100,4.12,CX,1698719255
482,murehwa,-17.6432,31.784,288.16,86,100,2.48,ZW,1698719255
483,severo-yeniseyskiy,60.3725,93.0408,255.69,97,67,0.89,RU,1698719255
484,demopolis,32.5176,-87.8364,283.12,81,100,3.09,US,1698719255
485,balezino,57.9796,53.0106,269.55,98,99,1.57,RU,1698719256
486,gaspe,48.8334,-64.4819,274.27,80,100,2.06,CA,1698719256
487,de aar,-30.6497,24.0123,281.32,74,3,3.78,ZA,1698719256
488,fort mcmurray,56.7268,-111.381,269.92,68,100,2.06,CA,1698719256
489,chonchi,-42.6128,-73.8092,275.99,96,3,0.49,CL,1698719256
490,krupki,54.3178,29.1358,280.54,94,100,1.64,BY,1698719256
491,cannonvale,-20.2833,148.7,298.81,51,6,3.68,AU,1698719256
492,trairi,-3.2778,-39.2689,298.97,73,10,3.83,BR,1698719000
493,la'ie,21.6477,-157.9253,302.13,71,24,2.24,US,1698719257
494,tamazulapam villa del progreso,17.6806,-97.5689,286.78,89,59,3.0,MX,1698719257
495,khandud,36.9513,72.318,274.89,55,91,1.66,AF,1698719257
496,kamina,-8.7386,24.9906,291.76,95,100,1.97,CD,1698719257
497,kotlas,61.2611,46.6556,270.96,85,100,2.68,RU,1698719257
498,geraldton,-28.7667,114.6,303.38,17,0,8.23,AU,1698719257
499,lakatoro,-16.0999,167.4164,299.47,80,59,6.68,VU,1698719257
500,baise city,23.8997,106.6133,297.78,99,100,0.26,CN,1698719258
501,yreka,41.7354,-122.6345,280.25,24,0,2.06,US,1698719172
502,katsuren-haebaru,26.3369,127.8719,301.36,56,20,6.69,JP,1698719258
503,brandon,27.9378,-82.2859,298.1,81,0,3.58,US,1698719136
504,myrtle beach,33.6891,-78.8867,294.84,87,0,2.57,US,1698719121
505,brownwood,31.7093,-98.9912,278.15,65,75,2.57,US,1698719009
506,bikenibeu village,1.3673,173.1241,304.13,70,40,2.57,KI,1698719258
507,gillette,44.2911,-105.5022,269.23,79,34,2.24,US,1698719258
508,arklow,52.7931,-6.1414,279.86,90,0,3.37,IE,1698719258
509,kalmunai,7.4167,81.8167,299.43,83,95,2.26,LK,1698719259
510,khanpur,28.6453,70.6567,298.32,30,0,2.12,PK,1698719259
511,mugia,43.1041,-9.2179,286.02,78,53,7.41,ES,1698719259
512,paungde,18.4833,95.5,298.48,84,93,3.86,MM,1698719259
513,revelstoke,50.9832,-118.2023,272.16,86,0,0.0,CA,1698719259
514,puerto madero,14.7208,-92.4215,299.26,100,40,0.0,MX,1698719259
515,walvis bay,-22.9575,14.5053,286.68,100,0,0.0,NA,1698719259
516,tire,38.0888,27.7351,288.56,81,1,0.9,TR,1698719259
517,ceeldheer,3.8488,47.1806,299.34,85,13,2.43,SO,1698719260
518,macas,-2.3167,-78.1167,293.5,97,94,1.27,EC,1698719254
519,shahr-e kord,32.3256,50.8644,284.33,44,93,1.14,IR,1698719260
520,salaqi,40.5414,110.5108,287.12,30,7,2.71,CN,1698719260
521,nago,26.5881,127.9761,301.39,66,55,6.32,JP,1698719260
522,dhar,22.6,75.3,293.63,48,85,2.52,IN,1698719260
523,porto novo,6.4965,2.6036,298.05,85,79,1.49,BJ,1698719260
524,polyarnyy,69.1989,33.4478,267.58,94,100,6.13,RU,1698719260
525,amahai,-3.3333,128.9167,303.03,65,48,2.39,ID,1698719261
526,khash,28.2211,61.2158,290.5,36,7,1.58,IR,1698719261
527,ubari,26.5921,12.7805,294.27,32,0,2.85,LY,1698719261
528,machico,32.7,-16.7667,294.82,94,75,4.63,PT,1698719261
529,tanout,14.9709,8.8879,299.37,17,90,5.2,NE,1698719261
530,brandys nad labem-stara boleslav,50.1871,14.6633,287.13,95,100,2.06,CZ,1698719261
531,praia da vitoria,38.7333,-27.0667,292.46,77,40,8.07,PT,1698719261
532,tayshet,55.9342,98.0044,265.66,66,70,3.02,RU,1698719261
533,lincheng,19.9078,109.6858,298.78,80,39,6.66,CN,1698719261
534,zhangjiakou,40.81,114.8794,286.78,39,20,0.91,CN,1698719173
535,bereket,39.2446,55.5154,287.41,58,100,4.22,TM,1698719262
536,pangody,65.85,74.4859,259.0,94,17,2.91,RU,1698719262
537,turbat,26.0023,63.044,298.14,66,3,0.51,PK,1698719262
538,datong,40.0936,113.2914,288.13,29,15,3.32,CN,1698719262
539,taulaga,-11.0553,-171.0883,301.57,78,38,9.19,AS,1698719262
540,emerald,-23.5333,148.1667,306.67,23,3,2.71,AU,1698719126
541,holualoa,19.6228,-155.9522,300.51,79,20,6.17,US,1698719129
542,basco,20.4487,121.9702,300.17,73,67,9.34,PH,1698719262
543,jorpeland,59.0225,6.0408,276.56,40,84,1.31,NO,1698719263
544,sola,-13.8833,167.55,299.8,80,29,6.97,VU,1698719263
545,nabire,-3.3667,135.4833,301.12,82,21,1.56,ID,1698719263
546,shushtar,32.0455,48.8567,298.98,26,97,0.62,IR,1698719263
547,el nido,11.1858,119.3956,302.23,75,100,5.65,PH,1698719263
548,colonia,50.9333,6.95,284.74,85,75,6.69,DE,1698719263
549,ar rutbah,33.0381,40.2848,293.38,44,98,3.13,IQ,1698719263
550,port isabel,26.0734,-97.2086,284.17,72,100,8.23,US,1698718685
551,albertina,-22.2008,-46.6158,293.11,86,91,1.04,BR,1698719264
552,lerwick,60.1545,-1.1494,280.15,57,25,8.93,GB,1698719264
553,tanguieta,10.6212,1.2665,298.7,44,34,1.19,BJ,1698719264
554,tahe,52.3333,124.7333,269.99,37,100,0.49,CN,1698719264
555,kemin,42.7846,75.6892,285.58,53,100,0.68,KG,1698719264
556,richfield,44.8833,-93.283,275.86,77,100,6.69,US,1698719264
557,karatuzskoye,53.6072,92.8667,272.25,46,100,1.34,RU,1698719264
558,lyozna,55.0249,30.7956,278.35,98,100,1.85,BY,1698719264
559,thinadhoo,0.5333,72.9333,300.11,80,100,3.12,MV,1698719264
560,mandalgovi,45.7625,106.2708,275.2,52,51,6.02,MN,1698719265
561,aiquile,-18.2041,-65.1807,290.96,73,100,2.18,BO,1698719265
562,egilsstadir,65.2653,-14.3948,266.1,93,20,2.06,IS,1698719265
563,santo antonio,-6.3106,-35.4789,295.58,81,78,3.31,BR,1698719265
564,halifax,44.6453,-63.5724,278.27,97,100,5.14,CA,1698719260
565,mhamid,29.82,-5.72,295.54,30,84,0.87,MA,1698719265
566,northam,51.0333,-4.2167,283.92,97,3,2.72,GB,1698719265
567,paita,-5.0892,-81.1144,293.47,84,29,6.5,PE,1698719265
568,harstad,68.799,16.5293,273.24,96,99,3.13,NO,1698719266
569,luang namtha,20.9497,101.4011,295.0,93,100,0.27,LA,1698719266
570,palikir - national government center,6.9248,158.1611,305.56,66,100,7.72,FM,1698719266
571,juan griego,11.0817,-63.9655,300.04,83,92,3.42,VE,1698719266
572,forster,-32.1667,152.5167,306.64,28,90,3.12,AU,1698719266
573,la punta,-33.1837,-66.3127,284.57,41,92,7.4,AR,1698719266
574,yauya,-8.9833,-77.3,285.88,74,100,0.67,PE,1698719266
575,broome,42.2506,-75.833,279.1,95,100,4.12,US,1698719267
576,trondheim,63.4305,10.3951,268.2,67,3,2.76,NO,1698719267
577,pasighat,28.0667,95.3333,297.45,50,19,0.4,IN,1698719267
